"","Cust_id","Age","Annual_Income_Lacs"
"7572",1216,56,15.5
"7573",6844,56,15.9
"7574",1081,56,16
"7575",2156,56,16
"7576",4405,56,16
"7577",4006,56,16.1
"7578",8476,56,16.5
"7579",5730,56,16.5
"7580",2115,56,16.9
"7581",9182,56,17.6
"7582",9870,56,17.9
"7583",9701,56,17.9
"7584",4694,56,18
"7585",3322,56,18
"7586",2888,56,18.1
"7587",6702,56,18.2
"7588",812,56,18.6
"7589",4979,56,18.9
"7590",3141,56,19
"7591",3457,56,19.3
"7592",4134,56,19.3
"7593",8376,56,19.4
"7594",6482,56,19.5
"7595",651,56,19.6
"7596",9322,56,19.7
"7597",2073,56,19.9
"7598",10234,56,20.4
"7599",9634,56,20.4
"7600",5892,56,20.9
"7601",6896,56,20.9
"7602",6570,56,21.5
"7603",10825,56,22
"7604",8284,56,22.3
"7605",1140,56,22.4
"7606",8283,56,22.9
"7607",2964,56,23.4
"7608",8380,56,23.7
"7609",8403,56,23.9
"7610",3494,56,24.1
"7611",7283,56,24.3
"7612",5759,56,24.6
"7613",1342,56,24.6
"7614",8579,56,24.9
"7615",280,56,24.9
"7616",5044,56,25.3
"7617",5510,56,25.8
"7618",1032,56,26.5
"7619",117,56,26.8
"7620",9676,56,27.2
"7621",9286,56,27.3
"7622",8159,56,27.4
"7623",7004,56,27.5
"7624",5628,56,27.6
"7625",3384,56,27.8
"7626",2431,56,27.9
"7627",1958,56,28.2
"7628",7545,56,28.2
"7629",5293,56,28.3
"7630",1534,56,28.3
"7631",8175,56,28.7
"7632",1057,56,29
"7678",2950,57,13.5
"7679",6076,57,13.8
"7680",1260,57,13.9
"7681",5238,57,13.9
"7682",2892,57,14.2
"7683",1806,57,14.5
"7684",3256,57,14.5
"7685",10727,57,14.6
"7686",9654,57,14.6
"7687",10320,57,14.9
"7688",2106,57,15
"7689",10269,57,15.1
"7690",10852,57,15.2
"7691",4781,57,15.4
"7692",1382,57,15.4
"7693",4087,57,15.7
"7694",824,57,15.7
"7695",5268,57,15.8
"7696",3112,57,15.9
"7697",5010,57,16.1
"7698",4859,57,16.2
"7699",3088,57,16.9
"7700",975,57,16.9
"7701",496,57,17
"7702",3686,57,17
"7703",3050,57,17.1
"7704",8054,57,17.1
"7705",7516,57,17.4
"7706",5726,57,17.9
"7707",5159,57,18.2
"7708",10155,57,18.4
"7709",10507,57,18.6
"7710",8170,57,18.7
"7711",160,57,19.2
"7712",1320,57,19.3
"7713",9664,57,19.3
"7714",6503,57,19.4
"7715",4948,57,19.5
"7716",7716,57,20.1
"7717",3816,57,20.4
"7718",10390,57,20.7
"7719",10252,57,21.8
"7720",3890,57,21.9
"7721",6879,57,22.1
"7722",5218,57,22.3
"7723",1989,57,22.5
"7724",10400,57,23
"7725",2823,57,23.3
"7726",7332,57,23.9
"7727",1092,57,23.9
"7728",7455,57,24
"7729",9818,57,24.2
"7730",6657,57,24.2
"7731",986,57,24.3
"7732",5194,57,24.4
"7733",6830,57,24.5
"7734",6848,57,24.5
"7735",6431,57,24.5
"7736",1263,57,24.9
"7737",10225,57,26.1
"7738",5440,57,27.5
"7739",5842,57,27.6
"7740",845,57,27.7
"7741",4072,57,27.7
"7742",8500,57,27.8
"7743",1776,57,27.8
"7744",5094,57,27.9
"7745",9850,57,27.9
"7746",430,57,28
"7747",2688,57,28.1
"7748",4607,57,28.4
"7749",5169,57,28.5
"7750",1705,57,28.8
"7751",7241,57,28.9
"7752",683,57,28.9
"7753",3632,57,29.1
"7754",2668,57,29.1
"7755",4152,57,29.3
"7756",7338,57,29.4
"7757",1068,57,29.5
"7782",1592,58,11
"7783",7301,58,11.2
"7784",5279,58,11.5
"7785",3830,58,11.8
"7786",6066,58,12
"7787",5896,58,12
"7788",8584,58,12.1
"7789",8842,58,12.2
"7790",2467,58,12.2
"7791",434,58,12.5
"7792",6194,58,12.9
"7793",1562,58,12.9
"7794",2689,58,13.3
"7795",5378,58,13.5
"7796",10430,58,13.7
"7797",4457,58,14
"7798",2660,58,14.1
"7799",554,58,14.3
"7800",7425,58,15.1
"7801",8452,58,15.2
"7802",3592,58,15.2
"7803",4556,58,15.3
"7804",10190,58,15.7
"7805",7005,58,15.8
"7806",8746,58,16
"7807",5212,58,16.2
"7808",6046,58,16.3
"7809",3272,58,17.1
"7810",6554,58,17.1
"7811",2045,58,17.7
"7812",3834,58,18.2
"7813",6446,58,18.5
"7814",2427,58,19.2
"7815",3750,58,19.3
"7816",6494,58,20.1
"7817",4351,58,20.2
"7818",5846,58,20.2
"7819",9592,58,21
"7820",8136,58,21.3
"7821",5470,58,21.4
"7822",4640,58,22
"7823",5411,58,22.2
"7824",6159,58,22.5
"7825",526,58,22.8
"7826",1716,58,23
"7827",2155,58,23.2
"7828",3972,58,23.3
"7829",7033,58,23.4
"7830",10249,58,23.5
"7831",1374,58,23.8
"7832",3773,58,24.1
"7833",4586,58,24.3
"7834",242,58,24.5
"7835",8018,58,24.6
"7836",9800,58,24.9
"7837",4338,58,25.2
"7838",5164,58,25.3
"7839",7576,58,25.3
"7840",4972,58,25.3
"7841",1118,58,25.4
"7842",10609,58,26.9
"7843",9478,58,26.9
"7844",9334,58,27.4
"7845",3416,58,27.6
"7846",250,58,27.7
"7847",1755,58,27.9
"7848",815,58,28.1
"7849",2036,58,28.4
"7850",8985,58,29
"7851",1330,58,29.1
"7852",3391,58,29.4
"7853",1626,58,29.5
"7854",5171,58,29.6
"7855",8780,58,29.7
"7856",3290,58,29.8
"7880",10242,59,8.4
"7881",1561,59,8.4
"7882",7830,59,8.8
"7883",10006,59,9
"7884",1062,59,9
"7885",505,59,9.1
"7886",10186,59,9.2
"7887",6008,59,9.3
"7888",10164,59,9.4
"7889",5684,59,9.4
"7890",4318,59,9.5
"7891",5522,59,9.6
"7892",3056,59,9.8
"7893",10788,59,9.8
"7894",6477,59,10
"7895",2670,59,10.3
"7896",9178,59,10.4
"7897",645,59,10.7
"7898",410,59,11.5
"7899",8714,59,11.5
"7900",3733,59,11.8
"7901",6538,59,11.9
"7902",7760,59,12
"7903",10000,59,12
"7904",9932,59,12.1
"7905",2889,59,12.5
"7906",621,59,12.6
"7907",97,59,12.8
"7908",8148,59,13
"7909",7781,59,13.8
"7910",6982,59,14.3
"7911",7804,59,14.7
"7912",9306,59,14.8
"7913",9555,59,15
"7914",2867,59,15.3
"7915",6370,59,15.5
"7916",5778,59,15.6
"7917",9982,59,16.2
"7918",8996,59,16.7
"7919",8545,59,17.3
"7920",7392,59,17.7
"7921",4000,59,17.7
"7922",3680,59,18.3
"7923",7110,59,18.5
"7924",5734,59,18.7
"7925",4448,59,19.1
"7926",8230,59,20
"7927",5266,59,20.3
"7928",1779,59,20.4
"7929",8978,59,20.7
"7930",1185,59,21.1
"7931",949,59,21.1
"7932",7980,59,21.3
"7933",3748,59,21.3
"7934",2500,59,21.4
"7935",257,59,21.4
"7936",3864,59,21.4
"7937",4238,59,21.5
"7938",8812,59,21.9
"7939",10770,59,22.3
"7940",4502,59,23.8
"7941",714,59,24.1
"7942",4711,59,24.8
"7943",1015,59,25.2
"7944",5174,59,25.6
"7945",1544,59,25.6
"7946",54,59,26
"7947",6206,59,26
"7948",1772,59,26.1
"7949",5680,59,26.4
"7950",2507,59,26.4
"7951",8967,59,26.6
"7952",810,59,26.9
"7953",9154,59,26.9
"7954",10740,59,27.1
"7955",10362,59,28.3
"7956",2960,59,28.8
"7957",8450,59,29.1
"7958",8654,59,29.8
"7986",8191,60,5.9
"7987",1675,60,6.5
"7988",5245,60,6.8
"7989",9256,60,6.8
"7990",4969,60,6.8
"7991",4522,60,6.9
"7992",6489,60,7.3
"7993",10832,60,7.3
"7994",3767,60,8.3
"7995",7304,60,8.4
"7996",10856,60,8.6
"7997",8774,60,8.6
"7998",8389,60,8.8
"7999",9656,60,9.7
"8000",6598,60,9.9
"8001",1195,60,10.8
"8002",3218,60,11
"8003",6999,60,11.3
"8004",1432,60,11.3
"8005",7635,60,11.5
"8006",4959,60,11.8
"8007",4326,60,12.1
"8008",5260,60,12.3
"8009",7270,60,12.4
"8010",415,60,12.6
"8011",6946,60,13
"8012",2450,60,13.1
"8013",6981,60,13.2
"8014",10463,60,14.7
"8015",7200,60,14.8
"8016",5740,60,14.9
"8017",3513,60,15.3
"8018",5544,60,15.3
"8019",9751,60,16.2
"8020",5116,60,16.2
"8021",6352,60,16.8
"8022",2850,60,17.3
"8023",444,60,17.4
"8024",1754,60,17.7
"8025",1908,60,17.8
"8026",996,60,18.3
"8027",2708,60,18.3
"8028",8916,60,18.3
"8029",1284,60,18.9
"8030",8100,60,19.1
"8031",1294,60,19.6
"8032",10094,60,19.8
"8033",9734,60,20.7
"8034",10654,60,20.7
"8035",7256,60,20.8
"8036",3467,60,21
"8037",6250,60,21.3
"8038",10290,60,21.4
"8039",1421,60,21.6
"8040",5979,60,21.7
"8041",3317,60,21.9
"8042",9518,60,22
"8043",964,60,22.6
"8044",3804,60,22.7
"8045",9340,60,22.8
"8046",6779,60,23.3
"8047",6547,60,23.7
"8048",5771,60,25
"8049",4104,60,25.3
"8050",8252,60,25.5
"8051",10633,60,25.6
"8052",6862,60,26.3
"8053",9192,60,26.5
"8054",8434,60,26.5
"8055",814,60,26.6
"8056",2880,60,26.6
"8057",1100,60,26.7
"8058",10268,60,26.8
"8059",4030,60,27.4
"8060",744,60,27.5
"8061",2328,60,28
"8062",7816,60,28
"8063",1780,60,28
"8064",7780,60,28.5
"8065",3920,60,28.6
"8066",2266,60,28.6
"8067",3226,60,28.7
"8068",6973,60,29.1
"8069",3152,60,29.2
"8081",8155,61,3.2
"8082",6092,61,3.2
"8083",3409,61,3.5
"8084",1176,61,3.5
"8085",7482,61,4
"8086",9130,61,4.3
"8087",7698,61,4.7
"8088",9770,61,4.8
"8089",2339,61,4.8
"8090",1924,61,4.8
"8091",8249,61,4.9
"8092",2932,61,5.6
"8093",10068,61,5.9
"8094",7566,61,5.9
"8095",4250,61,6.1
"8096",7954,61,6.2
"8097",5154,61,6.7
"8098",789,61,7
"8099",2412,61,7.7
"8100",14,61,7.7
"8101",1771,61,7.8
"8102",1162,61,7.8
"8103",4510,61,8.1
"8104",6391,61,8.1
"8105",763,61,8.5
"8106",7501,61,8.6
"8107",4124,61,8.6
"8108",2203,61,8.6
"8109",224,61,8.7
"8110",1449,61,9.5
"8111",7396,61,9.6
"8112",8646,61,9.8
"8113",3406,61,10
"8114",4148,61,10.5
"8115",9434,61,10.6
"8116",2720,61,11.5
"8117",2784,61,11.5
"8118",7588,61,11.6
"8119",7084,61,11.7
"8120",5002,61,12.3
"8121",515,61,12.4
"8122",3895,61,12.6
"8123",10672,61,12.7
"8124",10806,61,12.8
"8125",8766,61,12.8
"8126",9516,61,13.1
"8127",4172,61,13.5
"8128",3450,61,13.6
"8129",9470,61,13.7
"8130",4138,61,14.8
"8131",8460,61,15.1
"8132",8561,61,15.3
"8133",7279,61,15.6
"8134",7624,61,15.8
"8135",3262,61,16.4
"8136",708,61,16.5
"8137",3021,61,16.6
"8138",3746,61,17
"8139",483,61,17
"8140",3651,61,17.1
"8141",6103,61,17.2
"8142",1825,61,17.3
"8143",7220,61,17.4
"8144",5324,61,17.6
"8145",692,61,17.7
"8146",10650,61,18.4
"8147",3371,61,19.1
"8148",4982,61,19.6
"8149",958,61,19.7
"8150",6514,61,20.1
"8151",4406,61,20.1
"8152",149,61,20.1
"8153",10839,61,20.2
"8154",6814,61,20.9
"8155",689,61,21.2
"8156",8536,61,21.4
"8157",9896,61,21.7
"8158",1937,61,22.1
"8159",8162,61,22.3
"8160",9100,61,22.4
"8161",1522,61,22.6
"8162",9236,61,23.1
"8163",895,61,23.3
"8164",3014,61,23.4
"8165",267,61,23.6
"8166",4808,61,23.7
"8167",4864,61,23.8
"8168",8870,61,23.9
"8169",359,61,24.1
"8170",5066,61,24.2
"8171",5167,61,24.8
"8172",5162,61,24.9
"8173",5464,61,25.2
"8174",3361,61,26.1
"8175",3108,61,27.1
"8176",6306,61,27.2
"8177",8032,61,27.3
"8178",7120,61,27.4
"8179",10316,61,27.8
"8180",9743,61,28.1
"8181",4360,61,28.1
"8182",2287,61,28.1
"8183",6589,61,28.4
"8184",6984,61,28.9
"8185",10618,61,28.9
"8186",10396,61,29
"8187",5577,62,0.7
"8188",7562,62,0.8
"8189",4866,62,0.8
"8190",6624,62,0.9
"8191",5547,62,1.1
"8192",1916,62,1.4
"8193",2978,62,1.5
"8194",8974,62,2.3
"8195",3810,62,2.7
"8196",6452,62,2.7
"8197",5267,62,2.8
"8198",6846,62,2.9
"8199",9742,62,3.1
"8200",4594,62,5
"8201",1800,62,5.1
"8202",8520,62,5.3
"8203",3552,62,5.3
"8204",4684,62,5.5
"8205",5328,62,5.5
"8206",9015,62,5.7
"8207",4934,62,5.8
"8208",10431,62,6
"8209",4608,62,6.2
"8210",6358,62,6.4
"8211",2232,62,6.4
"8212",3438,62,7.2
"8213",5492,62,7.3
"8214",10159,62,7.6
"8215",4491,62,7.6
"8216",4080,62,8.2
"8217",2116,62,8.3
"8218",3766,62,8.4
"8219",5714,62,8.4
"8220",6537,62,8.5
"8221",9810,62,8.6
"8222",1599,62,8.6
"8223",6950,62,8.8
"8224",10244,62,8.9
"8225",3233,62,9.3
"8226",8634,62,9.4
"8227",10331,62,9.6
"8228",9942,62,10.3
"8229",1416,62,11
"8230",9993,62,11.1
"8231",4940,62,11.9
"8232",10344,62,12.4
"8233",1130,62,12.6
"8234",7436,62,13.2
"8235",6728,62,13.4
"8236",8393,62,13.6
"8237",7378,62,13.9
"8238",7632,62,14.2
"8239",1178,62,14.9
"8240",6909,62,15.4
"8241",2466,62,15.8
"8242",934,62,15.9
"8243",3186,62,16.5
"8244",5775,62,16.7
"8245",10032,62,16.8
"8246",4748,62,17.1
"8247",8530,62,17.1
"8248",1857,62,17.5
"8249",6707,62,17.8
"8250",2040,62,17.9
"8251",2316,62,17.9
"8252",2228,62,18.8
"8253",1102,62,18.9
"8254",922,62,19.5
"8255",5773,62,19.6
"8256",5798,62,20
"8257",653,62,20.7
"8258",7246,62,20.8
"8259",32,62,20.9
"8260",3474,62,21.1
"8261",7950,62,21.8
"8262",10228,62,23
"8263",940,62,23.4
"8264",9590,62,23.5
"8265",3299,62,24.7
"8266",10715,62,25.2
"8267",8934,62,25.5
"8268",3966,62,25.7
"8269",5886,62,26
"8270",9712,62,26.3
"8271",7446,62,26.5
"8272",3558,62,26.6
"8273",6463,62,27
"8274",1253,62,27.1
"8275",4724,62,27.2
"8276",8717,62,27.2
"8277",5873,62,27.7
"8278",2240,62,28.1
"8279",3115,62,28.4
"8280",962,63,0.7
"8281",10008,63,1.1
"8282",2736,63,1.2
"8283",463,63,1.2
"8284",6504,63,1.5
"8285",820,63,2.3
"8286",2556,63,2.6
"8287",3052,63,2.9
"8288",9058,63,3.2
"8289",8152,63,3.4
"8290",9426,63,3.7
"8291",2198,63,3.8
"8292",1854,63,4.2
"8293",2042,63,4.4
"8294",2308,63,4.4
"8295",4508,63,4.7
"8296",6212,63,5
"8297",7001,63,5
"8298",9752,63,5
"8299",5274,63,5.7
"8300",4184,63,5.8
"8301",632,63,5.9
"8302",7193,63,6
"8303",3297,63,6.6
"8304",2976,63,6.9
"8305",6113,63,7.2
"8306",8112,63,7.5
"8307",5780,63,8
"8308",700,63,8.7
"8309",1574,63,8.9
"8310",428,63,9.3
"8311",4564,63,9.6
"8312",2716,63,9.6
"8313",10324,63,9.7
"8314",5400,63,9.9
"8315",7658,63,11
"8316",8439,63,11
"8317",1401,63,11.2
"8318",3216,63,11.3
"8319",275,63,11.5
"8320",606,63,12.5
"8321",2418,63,12.7
"8322",8050,63,13.5
"8323",7222,63,14.6
"8324",3995,63,14.6
"8325",4115,63,14.7
"8326",1239,63,14.7
"8327",733,63,14.8
"8328",503,63,14.8
"8329",6942,63,14.9
"8330",3870,63,15
"8331",4178,63,15.2
"8332",1722,63,15.7
"8333",3986,63,15.9
"8334",1269,63,16
"8335",4848,63,16.2
"8336",7148,63,16.2
"8337",175,63,16.4
"8338",4761,63,16.6
"8339",4642,63,16.7
"8340",5034,63,16.7
"8341",10253,63,16.9
"8342",9716,63,17.2
"8343",6392,63,17.6
"8344",7372,63,17.7
"8345",4157,63,18
"8346",7089,63,18.3
"8347",1017,63,18.3
"8348",3674,63,18.6
"8349",8274,63,18.7
"8350",1753,63,19.3
"8351",2910,63,19.4
"8352",5570,63,19.5
"8353",1918,63,20.3
"8354",889,63,20.8
"8355",10090,63,20.8
"8356",453,63,20.9
"8357",7086,63,21
"8358",2038,63,21
"8359",2834,63,21.2
"8360",7541,63,21.7
"8361",2082,63,21.8
"8362",8745,63,22.2
"8363",2364,63,22.7
"8364",2438,63,22.7
"8365",8756,63,22.9
"8366",1818,63,23.5
"8367",943,63,23.6
"8368",4856,63,23.7
"8369",3150,63,23.7
"8370",9474,63,23.9
"8371",4198,63,24
"8372",1708,63,24.1
"8373",8012,63,24.4
"8374",1876,63,24.4
"8375",9847,63,24.6
"8376",9912,63,24.7
"8377",3970,63,25
"8378",3789,63,25.1
"8379",2174,63,25.3
"8380",3159,63,25.3
"8381",10416,63,25.4
"8382",4352,63,25.9
"8383",6317,63,26.4
"8384",8341,63,26.6
"8385",4422,63,27
"8386",1903,63,27.1
"8387",7553,63,27.3
"8388",9605,63,27.4
"8389",3180,63,27.5
"8390",4604,63,27.7
"8391",8612,63,28
"8392",5586,63,28
"8393",10138,63,28.1
"8394",6302,63,28.2
"8395",10142,63,28.3
"8396",5170,63,29
"8397",8010,63,29.3
"8398",3102,63,29.8
"8399",9554,64,0.3
"8400",10342,64,0.7
"8401",7963,64,0.9
"8402",1994,64,0.9
"8403",3824,64,1.8
"8404",4024,64,2.1
"8405",291,64,2.5
"8406",6445,64,2.5
"8407",3708,64,2.7
"8408",2900,64,2.8
"8409",10591,64,2.8
"8410",730,64,3
"8411",9820,64,4
"8412",2074,64,5
"8413",7866,64,5.1
"8414",5012,64,5.1
"8415",3448,64,5.2
"8416",7586,64,5.5
"8417",7504,64,5.7
"8418",8078,64,6
"8419",5254,64,6.2
"8420",4410,64,6.3
"8421",7260,64,6.7
"8422",10114,64,6.7
"8423",5354,64,6.8
"8424",10834,64,6.8
"8425",4540,64,6.9
"8426",2109,64,7.3
"8427",158,64,7.4
"8428",608,64,7.7
"8429",10462,64,8.5
"8430",2216,64,8.5
"8431",9131,64,8.6
"8432",9802,64,8.8
"8433",3296,64,8.9
"8434",5998,64,9.2
"8435",8690,64,9.2
"8436",5733,64,9.4
"8437",9794,64,9.5
"8438",109,64,9.5
"8439",2640,64,9.6
"8440",4821,64,9.8
"8441",1549,64,10.3
"8442",6790,64,10.5
"8443",2092,64,10.9
"8444",4278,64,11.1
"8445",10116,64,11.2
"8446",2182,64,11.6
"8447",3884,64,11.8
"8448",1497,64,12.2
"8449",8824,64,12.3
"8450",7678,64,12.4
"8451",7530,64,12.6
"8452",3423,64,12.8
"8453",5797,64,12.9
"8454",4999,64,13.4
"8455",2624,64,13.6
"8456",7064,64,14.8
"8457",196,64,14.9
"8458",5550,64,15.1
"8459",5083,64,15.3
"8460",2178,64,15.5
"8461",5682,64,15.6
"8462",5918,64,16.3
"8463",8576,64,16.4
"8464",5658,64,17.4
"8465",4716,64,17.5
"8466",9967,64,18.2
"8467",6694,64,18.6
"8468",9681,64,18.7
"8469",6000,64,18.7
"8470",3203,64,18.8
"8471",4830,64,18.9
"8472",3064,64,19
"8473",418,64,19
"8474",7897,64,19.3
"8475",8980,64,19.5
"8476",6686,64,20
"8477",9740,64,20.3
"8478",9264,64,20.4
"8479",9230,64,20.8
"8480",6972,64,20.9
"8481",6962,64,21.1
"8482",6120,64,21.5
"8483",3424,64,21.5
"8484",1288,64,22.3
"8485",266,64,22.4
"8486",4585,64,23
"8487",7702,64,23.1
"8488",4828,64,23.1
"8489",9879,64,23.8
"8490",9258,64,23.9
"8491",3676,64,24.6
"8492",9580,64,24.8
"8493",2763,64,25.1
"8494",2010,64,25.3
"8495",3582,64,25.6
"8496",1478,64,26.1
"8497",2782,64,26.1
"8498",4102,64,26.4
"8499",2621,64,26.4
"8500",4576,64,26.8
"8501",2437,64,26.8
"8502",8430,64,26.9
"8503",7463,64,27.2
"8504",5821,64,27.3
"8505",772,64,27.4
"8506",3162,64,27.7
"8507",3682,64,28.1
"8508",2468,64,28.1
"8509",6440,64,28.4
"8510",6650,64,28.4
"8511",6179,64,28.5
"8512",4878,64,28.6
"8513",9713,64,28.7
"8514",1764,64,29
"8515",9481,64,29.1
"8516",4659,64,29.3
"8517",1208,64,29.9
"8518",9003,65,0.4
"8519",10210,65,0.9
"8520",10566,65,0.9
"8521",83,65,1.3
"8522",2047,65,1.3
"8523",3062,65,1.4
"8524",448,65,1.5
"8525",1874,65,2.1
"8526",1652,65,2.7
"8527",330,65,3.1
"8528",6906,65,3.5
"8529",7022,65,4.6
"8530",836,65,4.7
"8531",9808,65,4.9
"8532",1717,65,4.9
"8533",7597,65,5.2
"8534",4126,65,5.5
"8535",3664,65,5.7
"8536",8487,65,7.3
"8537",7208,65,7.7
"8538",2043,65,8
"8539",6576,65,8.6
"8540",1466,65,8.6
"8541",7964,65,9.3
"8542",550,65,9.3
"8543",3623,65,9.5
"8544",2239,65,9.6
"8545",5986,65,9.6
"8546",9234,65,10
"8547",7141,65,10.7
"8548",8003,65,11.1
"8549",10072,65,11.2
"8550",1293,65,11.4
"8551",9714,65,12
"8552",3069,65,12.7
"8553",2315,65,13.2
"8554",6154,65,13.4
"8555",1796,65,13.5
"8556",9682,65,14.1
"8557",1460,65,15
"8558",9388,65,15.2
"8559",6078,65,16
"8560",8396,65,16.1
"8561",5121,65,16.4
"8562",10356,65,16.5
"8563",9224,65,16.8
"8564",10524,65,17.5
"8565",8062,65,17.8
"8566",7190,65,17.9
"8567",2703,65,18.1
"8568",6516,65,18.3
"8569",2176,65,18.6
"8570",8954,65,18.6
"8571",4210,65,18.8
"8572",8288,65,19.2
"8573",9729,65,19.4
"8574",6417,65,20.2
"8575",4886,65,20.2
"8576",5966,65,20.3
"8577",7723,65,20.9
"8578",1254,65,20.9
"8579",9757,65,21.1
"8580",4868,65,21.5
"8581",8378,65,21.7
"8582",9600,65,22.4
"8583",806,65,22.5
"8584",4785,65,22.8
"8585",5272,65,22.9
"8586",8277,65,23
"8587",7966,65,23.2
"8588",1735,65,24
"8589",3908,65,24.7
"8590",2015,65,25.7
"8591",6014,65,25.8
"8592",7570,65,26.1
"8593",1206,65,26.3
"8594",3190,65,26.7
"8595",10534,65,26.8
"8596",9487,65,26.8
"8597",6994,65,26.9
"8598",10078,65,27.4
"8599",470,65,27.9
"8600",818,65,28
"8601",3157,65,28.1
"8602",9395,65,28.2
"8603",9838,65,28.7
"8604",2664,65,28.8
"8605",480,65,29.1
"8606",3368,65,29.5
"8607",10610,65,29.7
"8608",4242,66,0.4
"8609",8828,66,0.6
"8610",8645,66,1.3
"8611",510,66,1.9
"8612",6903,66,2.5
"8613",666,66,2.8
"8614",7196,66,3.5
"8615",2157,66,3.6
"8616",9377,66,3.6
"8617",166,66,3.7
"8618",6850,66,3.9
"8619",8800,66,4.3
"8620",8304,66,4.3
"8621",842,66,4.4
"8622",4548,66,4.8
"8623",3756,66,5
"8624",10470,66,5.5
"8625",6540,66,6.1
"8626",2350,66,6.6
"8627",10351,66,6.8
"8628",4236,66,7.4
"8629",1638,66,8.2
"8630",6662,66,8.3
"8631",6637,66,8.6
"8632",10131,66,8.7
"8633",9588,66,8.7
"8634",3714,66,8.8
"8635",9484,66,8.8
"8636",7904,66,8.9
"8637",3149,66,9.3
"8638",870,66,9.4
"8639",7641,66,9.6
"8640",8912,66,9.8
"8641",2112,66,9.9
"8642",9174,66,10.1
"8643",2442,66,10.3
"8644",9344,66,10.3
"8645",9603,66,11.1
"8646",9133,66,11.2
"8647",3524,66,11.3
"8648",7900,66,11.8
"8649",3658,66,11.9
"8650",808,66,13.8
"8651",1232,66,14.3
"8652",8116,66,14.5
"8653",9958,66,15.4
"8654",3794,66,15.5
"8655",5473,66,16.1
"8656",2244,66,16.8
"8657",7513,66,17.2
"8658",2990,66,17.8
"8659",1112,66,18
"8660",5252,66,18
"8661",4664,66,18.1
"8662",7492,66,18.3
"8663",10795,66,18.6
"8664",6932,66,18.7
"8665",1890,66,18.9
"8666",314,66,19.2
"8667",7359,66,19.3
"8668",10866,66,19.5
"8669",8087,66,19.5
"8670",9016,66,20
"8671",6539,66,20.7
"8672",7318,66,20.8
"8673",866,66,21.1
"8674",6334,66,21.3
"8675",10512,66,21.6
"8676",4496,66,22.1
"8677",8833,66,22.3
"8678",5534,66,23
"8679",9494,66,23.2
"8680",3491,66,23.2
"8681",9491,66,24.9
"8682",5784,66,25
"8683",3718,66,25.8
"8684",8409,66,25.8
"8685",340,66,26.1
"8686",4322,66,26.4
"8687",2259,66,26.7
"8688",1634,66,27.3
"8689",2317,66,27.3
"8690",2578,66,27.5
"8691",5712,66,27.5
"8692",10764,66,27.7
"8693",4538,66,27.9
"8694",2326,66,28.5
"8695",1682,66,28.8
"8696",1286,66,29.3
"8697",9176,66,29.4
"8698",8843,66,29.8
"8699",7672,67,0.8
"8700",1529,67,0.9
"8701",7520,67,1.2
"8702",701,67,2
"8703",8512,67,2.2
"8704",143,67,2.2
"8705",5598,67,3
"8706",5215,67,3.7
"8707",9266,67,3.7
"8708",4788,67,4
"8709",8194,67,4.1
"8710",9339,67,4.4
"8711",6924,67,4.6
"8712",4431,67,4.6
"8713",988,67,5
"8714",3677,67,5.1
"8715",7802,67,5.2
"8716",7224,67,5.3
"8717",10330,67,5.3
"8718",6849,67,6.6
"8719",9628,67,6.8
"8720",6817,67,6.8
"8721",9390,67,7
"8722",713,67,7
"8723",7600,67,7.1
"8724",3740,67,7.1
"8725",3386,67,7.5
"8726",2190,67,7.5
"8727",213,67,8.2
"8728",6813,67,9.2
"8729",6199,67,9.3
"8730",6011,67,9.4
"8731",4984,67,9.5
"8732",173,67,9.6
"8733",5190,67,10
"8734",2870,67,10.2
"8735",2797,67,10.6
"8736",6584,67,10.8
"8737",2787,67,10.9
"8738",3788,67,11.1
"8739",4800,67,11.2
"8740",1606,67,11.6
"8741",10020,67,11.7
"8742",5150,67,11.8
"8743",3857,67,11.8
"8744",5460,67,11.8
"8745",6605,67,12.4
"8746",7551,67,12.7
"8747",1584,67,12.9
"8748",9999,67,13.3
"8749",1302,67,13.4
"8750",6462,67,13.8
"8751",6995,67,13.9
"8752",5662,67,14.6
"8753",7519,67,15.6
"8754",3228,67,15.9
"8755",5922,67,16.2
"8756",10840,67,16.6
"8757",4951,67,16.6
"8758",5678,67,16.6
"8759",9206,67,16.9
"8760",6367,67,17.1
"8761",5796,67,17.6
"8762",3176,67,17.7
"8763",1210,67,18.2
"8764",39,67,18.7
"8765",7508,67,19
"8766",4488,67,19.3
"8767",6762,67,19.7
"8768",4420,67,19.9
"8769",6295,67,20
"8770",1861,67,20.1
"8771",1897,67,20.1
"8772",4105,67,20.1
"8773",5609,67,20.3
"8774",8868,67,21.5
"8775",6304,67,21.7
"8776",2757,67,22.1
"8777",2225,67,22.9
"8778",10009,67,23.1
"8779",2409,67,23.5
"8780",7094,67,24.6
"8781",679,67,24.8
"8782",2537,67,24.8
"8783",6532,67,25
"8784",7828,67,25.3
"8785",8482,67,25.7
"8786",8066,67,25.7
"8787",4747,67,26.2
"8788",4058,67,26.5
"8789",3172,67,26.6
"8790",5088,67,26.7
"8791",5352,67,27
"8792",1244,67,27.8
"8793",7622,67,28.1
"8794",10661,67,28.2
"8795",2146,67,28.4
"8796",4258,67,28.9
"8797",8251,67,29.5
"8798",5241,67,29.5
"8799",670,67,29.8
"8800",4766,68,0.2
"8801",2752,68,0.6
"8802",184,68,0.7
"8803",6928,68,0.9
"8804",2812,68,1
"8805",2212,68,1
"8806",3504,68,1.1
"8807",6798,68,1.2
"8808",4950,68,1.2
"8809",8154,68,1.8
"8810",502,68,1.9
"8811",4067,68,2.3
"8812",6246,68,2.6
"8813",9114,68,2.8
"8814",1258,68,3
"8815",3634,68,3.2
"8816",10254,68,3.7
"8817",9950,68,3.9
"8818",21,68,3.9
"8819",8308,68,4.3
"8820",191,68,4.4
"8821",4143,68,4.4
"8822",320,68,4.6
"8823",4176,68,4.8
"8824",8506,68,4.8
"8825",4186,68,5.1
"8826",10616,68,5.3
"8827",1359,68,5.4
"8828",5754,68,5.5
"8829",6512,68,5.6
"8830",5634,68,5.7
"8831",8632,68,6
"8832",2093,68,6.8
"8833",5240,68,6.8
"8834",728,68,7.3
"8835",10750,68,7.9
"8836",3476,68,8.2
"8837",6110,68,8.4
"8838",30,68,9.2
"8839",1853,68,9.5
"8840",5521,68,9.5
"8841",5794,68,9.7
"8842",44,68,10
"8843",9718,68,10.5
"8844",3762,68,11
"8845",7808,68,11.2
"8846",10172,68,11.4
"8847",4344,68,11.4
"8848",2648,68,12.1
"8849",5004,68,12.5
"8850",5946,68,12.5
"8851",3487,68,12.6
"8852",9720,68,12.9
"8853",2194,68,13
"8854",5178,68,13.2
"8855",10216,68,13.4
"8856",1998,68,13.8
"8857",5894,68,13.9
"8858",3484,68,14.1
"8859",7119,68,14.3
"8860",8156,68,14.8
"8861",8682,68,14.9
"8862",9144,68,15.4
"8863",6966,68,15.5
"8864",7264,68,15.9
"8865",8982,68,15.9
"8866",4570,68,16
"8867",272,68,16.2
"8868",5454,68,16.3
"8869",4616,68,16.7
"8870",2238,68,16.9
"8871",2186,68,17
"8872",6411,68,17.3
"8873",9083,68,18.1
"8874",811,68,18.2
"8875",3405,68,18.5
"8876",6018,68,18.7
"8877",5183,68,19.2
"8878",10454,68,19.8
"8879",9153,68,20
"8880",3946,68,20.6
"8881",2766,68,21
"8882",8709,68,21.1
"8883",1814,68,21.2
"8884",2462,68,21.9
"8885",8539,68,22.1
"8886",4793,68,22.4
"8887",10766,68,22.8
"8888",10401,68,22.8
"8889",10514,68,22.9
"8890",9169,68,22.9
"8891",1083,68,23.1
"8892",6338,68,23.3
"8893",4082,68,23.9
"8894",847,68,24.2
"8895",3094,68,24.9
"8896",6923,68,24.9
"8897",6021,68,24.9
"8898",7725,68,25.5
"8899",6996,68,25.6
"8900",6089,68,26
"8901",9097,68,26.3
"8902",3673,68,26.6
"8903",7598,68,27.2
"8904",8350,68,27.3
"8905",23,68,27.6
"8906",1268,68,27.7
"8907",5530,68,27.9
"8908",7591,68,28
"8909",4191,68,28.4
"8910",9572,68,28.5
"8911",8702,68,28.8
"8912",3084,68,29
"8913",2541,68,29.1
"8914",7104,68,29.1
"8915",1131,68,29.2
"8916",4612,68,29.3
"8917",7837,68,29.4
"8918",5568,68,29.6
"8919",5830,68,29.7
"8920",3034,69,0.1
"8921",3488,69,0.2
"8922",7424,69,0.5
"8923",7697,69,0.6
"8924",9952,69,0.6
"8925",4232,69,1.4
"8926",7416,69,1.7
"8927",10518,69,1.7
"8928",522,69,2
"8929",8604,69,2.5
"8930",1238,69,2.6
"8931",8059,69,2.7
"8932",2365,69,3.1
"8933",4343,69,3.3
"8934",9863,69,3.5
"8935",1039,69,4.5
"8936",10266,69,5.5
"8937",9601,69,5.5
"8938",7726,69,6.1
"8939",72,69,6.4
"8940",3106,69,6.9
"8941",10860,69,6.9
"8942",2828,69,7.1
"8943",290,69,7.5
"8944",5340,69,7.8
"8945",7512,69,8
"8946",456,69,8.5
"8947",4704,69,8.8
"8948",9962,69,9.1
"8949",2806,69,9.1
"8950",1973,69,9.2
"8951",8566,69,9.4
"8952",5910,69,9.6
"8953",9448,69,10.2
"8954",5408,69,10.2
"8955",8838,69,10.2
"8956",2730,69,10.8
"8957",2512,69,11.4
"8958",10562,69,11.9
"8959",3880,69,12.4
"8960",10272,69,13.1
"8961",10843,69,13.2
"8962",4311,69,13.2
"8963",10060,69,13.8
"8964",10752,69,13.9
"8965",3551,69,14.5
"8966",10604,69,15.1
"8967",7038,69,15.1
"8968",2735,69,15.4
"8969",6009,69,15.7
"8970",8721,69,15.9
"8971",5523,69,15.9
"8972",676,69,16.2
"8973",3436,69,17.2
"8974",1228,69,17.5
"8975",684,69,17.7
"8976",3472,69,18.1
"8977",555,69,18.2
"8978",9498,69,19
"8979",3665,69,19.3
"8980",7272,69,19.4
"8981",2474,69,19.5
"8982",3030,69,19.6
"8983",4255,69,20.1
"8984",2192,69,20.2
"8985",9576,69,20.2
"8986",6162,69,20.6
"8987",577,69,20.6
"8988",10612,69,20.8
"8989",10366,69,21.1
"8990",3292,69,21.1
"8991",1763,69,21.3
"8992",823,69,21.6
"8993",2392,69,21.9
"8994",4839,69,22.3
"8995",2983,69,22.9
"8996",1314,69,23
"8997",7895,69,23.6
"8998",4723,69,23.6
"8999",547,69,23.7
"9000",6294,69,23.7
"9001",1662,69,23.9
"9002",2446,69,24.1
"9003",9968,69,24.1
"9004",4794,69,24.3
"9005",6389,69,24.8
"9006",8130,69,25
"9007",2548,69,25
"9008",7531,69,25.3
"9009",10122,69,25.4
"9010",8475,69,25.6
"9011",9108,69,25.7
"9012",7685,69,25.8
"9013",2674,69,26.2
"9014",7956,69,26.7
"9015",6955,69,26.8
"9016",2056,69,26.8
"9017",9242,69,27.5
"9018",6726,69,27.5
"9019",981,69,27.9
"9020",9317,69,28.1
"9021",10115,69,28.2
"9022",7999,69,28.5
"9023",5942,69,28.9
"9024",1733,69,28.9
"9025",10274,69,29
"9026",271,69,29.7
"9027",4376,70,0.3
"9028",20,70,0.5
"9029",65,70,0.5
"9030",6231,70,0.7
"9031",7556,70,0.9
"9032",1902,70,1.3
"9033",168,70,1.4
"9034",3342,70,1.7
"9035",2044,70,2.5
"9036",10222,70,2.5
"9037",2994,70,2.9
"9038",7095,70,3.3
"9039",4428,70,3.5
"9040",5638,70,3.8
"9041",7876,70,4.2
"9042",4832,70,4.2
"9043",7252,70,4.2
"9044",10349,70,4.5
"9045",10084,70,4.7
"9046",9468,70,5.1
"9047",9778,70,5.5
"9048",1785,70,6.2
"9049",8006,70,6.3
"9050",27,70,6.5
"9051",6416,70,6.5
"9052",4558,70,6.7
"9053",4596,70,6.7
"9054",1732,70,7.1
"9055",10162,70,7.2
"9056",8534,70,7.6
"9057",9876,70,7.9
"9058",7924,70,7.9
"9059",264,70,8
"9060",6940,70,8.2
"9061",8846,70,8.4
"9062",7062,70,8.4
"9063",749,70,8.9
"9064",682,70,8.9
"9065",7920,70,9
"9066",2319,70,9.8
"9067",7290,70,10.1
"9068",2926,70,10.1
"9069",7502,70,10.4
"9070",8611,70,10.7
"9071",3860,70,10.8
"9072",7753,70,11
"9073",8540,70,11.1
"9074",9922,70,11.4
"9075",5107,70,11.5
"9076",6732,70,11.6
"9077",1826,70,12.1
"9078",618,70,12.4
"9079",1477,70,12.7
"9080",4445,70,13.1
"9081",9784,70,13.2
"9082",3465,70,13.8
"9083",7091,70,13.9
"9084",1696,70,14.3
"9085",3598,70,14.4
"9086",1982,70,15
"9087",9956,70,15.6
"9088",7358,70,15.7
"9089",1950,70,15.8
"9090",10674,70,16
"9091",7488,70,16.5
"9092",10,70,16.6
"9093",3898,70,16.8
"9094",7036,70,16.8
"9095",2360,70,17.1
"9096",6146,70,17.6
"9097",194,70,17.8
"9098",1629,70,18
"9099",7998,70,18.1
"9100",1127,70,18.3
"9101",2408,70,18.9
"9102",2656,70,19.3
"9103",3578,70,19.7
"9104",1026,70,19.9
"9105",7696,70,20.2
"9106",7755,70,20.4
"9107",1060,70,20.8
"9108",3782,70,20.8
"9109",1300,70,20.9
"9110",2346,70,21.1
"9111",8990,70,21.3
"9112",2087,70,21.5
"9113",4320,70,21.6
"9114",7144,70,21.7
"9115",3130,70,21.8
"9116",4334,70,21.9
"9117",869,70,22.1
"9118",8478,70,22.6
"9119",178,70,22.7
"9120",7334,70,23.1
"9121",2585,70,23.2
"9122",1426,70,23.3
"9123",7176,70,23.8
"9124",1255,70,23.9
"9125",9861,70,24.2
"9126",2250,70,24.4
"9127",10756,70,24.9
"9128",2028,70,25.2
"9129",5724,70,25.7
"9130",565,70,26.5
"9131",1715,70,26.7
"9132",8685,70,26.9
"9133",9269,70,27.3
"9134",2517,70,27.4
"9135",472,70,27.4
"9136",8698,70,27.8
"9137",9425,70,28
"9138",10310,70,28.2
"9139",1579,70,28.3
"9140",6228,70,29
"9141",2651,70,29.1
"9142",6820,70,29.4
"9143",7368,70,29.8
"9144",8660,70,29.9
"9145",362,70,29.9
"9146",1702,71,0.2
"9147",7109,71,1
"9148",7740,71,1
"9149",10288,71,1.2
"9150",2596,71,1.3
"9151",6070,71,1.7
"9152",2824,71,1.9
"9153",5334,71,2
"9154",10680,71,2.1
"9155",1066,71,2.3
"9156",10628,71,2.5
"9157",2403,71,2.6
"9158",10822,71,2.9
"9159",10113,71,3.1
"9160",6974,71,3.2
"9161",906,71,3.3
"9162",10736,71,3.3
"9163",9722,71,3.8
"9164",5888,71,3.9
"9165",9379,71,4.2
"9166",5988,71,4.4
"9167",10590,71,4.6
"9168",9868,71,4.7
"9169",8839,71,5
"9170",9694,71,5
"9171",500,71,5.7
"9172",4858,71,5.7
"9173",3772,71,6.7
"9174",6734,71,6.8
"9175",8511,71,7.1
"9176",5604,71,7.3
"9177",2764,71,7.6
"9178",3518,71,7.7
"9179",5672,71,7.7
"9180",8481,71,8.3
"9181",5929,71,8.4
"9182",7244,71,8.6
"9183",7515,71,8.9
"9184",8664,71,9.2
"9185",4638,71,9.4
"9186",862,71,10.3
"9187",136,71,10.4
"9188",4995,71,10.4
"9189",4516,71,10.7
"9190",1107,71,10.8
"9191",5813,71,11.5
"9192",3702,71,11.7
"9193",5546,71,11.8
"9194",9510,71,12.3
"9195",8421,71,12.5
"9196",7916,71,12.6
"9197",4831,71,12.6
"9198",8998,71,12.6
"9199",9009,71,12.6
"9200",7347,71,12.6
"9201",7728,71,12.9
"9202",846,71,13.1
"9203",9140,71,13.5
"9204",1024,71,13.6
"9205",9692,71,13.6
"9206",1692,71,13.6
"9207",9125,71,14
"9208",6010,71,14.3
"9209",1830,71,14.3
"9210",9496,71,14.4
"9211",3000,71,14.4
"9212",960,71,14.5
"9213",3640,71,14.6
"9214",5567,71,15.6
"9215",1245,71,15.7
"9216",2751,71,15.7
"9217",2912,71,16
"9218",3468,71,16.2
"9219",830,71,16.3
"9220",7500,71,16.4
"9221",4021,71,17
"9222",9754,71,17.2
"9223",5248,71,17.3
"9224",7840,71,17.4
"9225",10256,71,17.6
"9226",6926,71,17.8
"9227",9196,71,17.9
"9228",4966,71,18
"9229",4903,71,18.4
"9230",9880,71,18.6
"9231",5690,71,18.7
"9232",6908,71,19
"9233",9313,71,20.3
"9234",8521,71,20.4
"9235",3539,71,21
"9236",9631,71,21.6
"9237",4384,71,21.7
"9238",7793,71,21.7
"9239",7561,71,21.8
"9240",4772,71,21.8
"9241",4204,71,22.3
"9242",7965,71,22.5
"9243",10243,71,23.1
"9244",5564,71,23.4
"9245",5664,71,23.6
"9246",8287,71,24.1
"9247",6422,71,24.2
"9248",5537,71,24.8
"9249",8070,71,24.8
"9250",9546,71,24.9
"9251",5302,71,25
"9252",6126,71,25.2
"9253",8596,71,25.2
"9254",9630,71,25.3
"9255",9424,71,25.6
"9256",5290,71,25.6
"9257",8730,71,25.6
"9258",60,71,25.9
"9259",2057,71,26
"9260",7116,71,26.1
"9261",6414,71,26.6
"9262",9342,71,26.7
"9263",3897,71,26.7
"9264",6546,71,27.8
"9265",2382,71,28.5
"9266",350,71,28.5
"9267",9750,71,28.6
"9268",551,71,29
"9269",52,71,29.1
"9270",2114,72,0.5
"9271",5974,72,0.6
"9272",2712,72,0.6
"9273",8883,72,0.8
"9274",3164,72,1
"9275",6473,72,1.2
"9276",9493,72,1.4
"9277",5358,72,1.5
"9278",5465,72,1.5
"9279",2662,72,1.6
"9280",6263,72,1.7
"9281",1560,72,2.2
"9282",186,72,2.8
"9283",75,72,3.1
"9284",8053,72,3.7
"9285",439,72,3.7
"9286",1865,72,4.4
"9287",4018,72,5.3
"9288",1004,72,6.2
"9289",9054,72,7
"9290",6060,72,7.7
"9291",3721,72,8.3
"9292",211,72,8.4
"9293",9814,72,8.4
"9294",8093,72,8.5
"9295",5755,72,8.6
"9296",7402,72,9.2
"9297",1694,72,9.4
"9298",8412,72,10
"9299",7853,72,10.1
"9300",9668,72,10.4
"9301",3668,72,10.9
"9302",244,72,11.2
"9303",9409,72,11.7
"9304",3771,72,12
"9305",10690,72,12.3
"9306",9355,72,12.3
"9307",9106,72,12.7
"9308",8836,72,13
"9309",6248,72,13.1
"9310",4739,72,13.2
"9311",3758,72,13.3
"9312",10079,72,13.7
"9313",164,72,14
"9314",6264,72,14
"9315",9382,72,14.4
"9316",8734,72,14.6
"9317",8908,72,14.6
"9318",7093,72,15.1
"9319",9059,72,15.2
"9320",4022,72,15.2
"9321",7353,72,15.4
"9322",688,72,15.4
"9323",6513,72,15.4
"9324",2,72,15.7
"9325",506,72,15.9
"9326",8143,72,16.6
"9327",7349,72,16.6
"9328",8260,72,16.6
"9329",1075,72,16.6
"9330",904,72,16.6
"9331",3806,72,16.9
"9332",5280,72,17.4
"9333",4216,72,17.9
"9334",4620,72,18.3
"9335",1158,72,18.4
"9336",1587,72,19.3
"9337",5343,72,19.4
"9338",8106,72,19.6
"9339",4552,72,19.6
"9340",512,72,19.7
"9341",7532,72,19.9
"9342",7990,72,20.4
"9343",4774,72,20.7
"9344",10587,72,20.7
"9345",352,72,20.9
"9346",73,72,21.5
"9347",2162,72,21.5
"9348",6024,72,21.8
"9349",8672,72,21.9
"9350",219,72,21.9
"9351",4896,72,22
"9352",3058,72,22.2
"9353",1266,72,22.3
"9354",6232,72,22.5
"9355",6786,72,22.8
"9356",68,72,22.9
"9357",3199,72,23
"9358",8848,72,23.2
"9359",7462,72,23.4
"9360",6958,72,23.7
"9361",9346,72,23.9
"9362",7642,72,24.2
"9363",4013,72,24.7
"9364",6567,72,25.8
"9365",6980,72,26
"9366",7166,72,26.8
"9367",3734,72,26.9
"9368",1298,72,26.9
"9369",6458,72,27.1
"9370",3251,72,27.3
"9371",9219,72,27.4
"9372",7136,72,27.9
"9373",162,72,27.9
"9374",2224,72,28.2
"9375",7108,72,28.6
"9376",212,72,29.1
"9377",6002,72,29.9
"9378",6363,73,0.1
"9379",3646,73,0.2
"9380",1781,73,0.7
"9381",1718,73,0.9
"9382",982,73,1
"9383",10238,73,1.3
"9384",2502,73,1.3
"9385",324,73,1.7
"9386",7985,73,1.8
"9387",6997,73,2.1
"9388",5239,73,2.3
"9389",289,73,2.7
"9390",1914,73,3.5
"9391",7122,73,4.1
"9392",738,73,4.1
"9393",5443,73,4.6
"9394",4696,73,4.6
"9395",1160,73,4.6
"9396",10726,73,5
"9397",3026,73,5.3
"9398",3971,73,5.8
"9399",8924,73,5.9
"9400",9514,73,5.9
"9401",762,73,6
"9402",7163,73,6.1
"9403",540,73,6.1
"9404",1934,73,6.5
"9405",10720,73,6.7
"9406",372,73,7
"9407",640,73,7
"9408",5250,73,7.2
"9409",9454,73,7.4
"9410",7788,73,8
"9411",282,73,8.6
"9412",5422,73,9.2
"9413",5746,73,9.2
"9414",3596,73,9.7
"9415",7367,73,10.5
"9416",9208,73,10.7
"9417",6558,73,11.1
"9418",3398,73,11.7
"9419",4224,73,11.8
"9420",5560,73,12
"9421",304,73,12.3
"9422",5480,73,12.3
"9423",4813,73,12.4
"9424",9690,73,12.4
"9425",1610,73,12.5
"9426",3905,73,12.7
"9427",6432,73,13.5
"9428",944,73,13.6
"9429",2366,73,14.2
"9430",1174,73,14.6
"9431",6873,73,14.7
"9432",10297,73,14.9
"9433",5691,73,15
"9434",6730,73,15
"9435",3441,73,15.2
"9436",8513,73,15.4
"9437",8074,73,15.7
"9438",5153,73,15.8
"9439",2458,73,16.4
"9440",5576,73,17.5
"9441",1404,73,17.7
"9442",92,73,17.8
"9443",5768,73,17.9
"9444",8627,73,18.5
"9445",9044,73,18.8
"9446",971,73,19.1
"9447",3922,73,19.4
"9448",2663,73,19.4
"9449",6856,73,20.1
"9450",4574,73,20.2
"9451",3842,73,20.4
"9452",2931,73,20.4
"9453",216,73,20.4
"9454",8872,73,20.6
"9455",2141,73,20.7
"9456",9955,73,21.4
"9457",6405,73,21.5
"9458",9314,73,22
"9459",610,73,22.2
"9460",7294,73,22.2
"9461",10064,73,22.2
"9462",202,73,22.3
"9463",6132,73,22.5
"9464",5374,73,22.5
"9465",8226,73,22.6
"9466",6130,73,22.9
"9467",7020,73,22.9
"9468",366,73,24.1
"9469",26,73,24.3
"9470",7511,73,24.3
"9471",8635,73,24.4
"9472",5592,73,25.2
"9473",9391,73,25.2
"9474",4403,73,25.2
"9475",6952,73,25.7
"9476",1588,73,25.8
"9477",3560,73,25.9
"9478",4740,73,26.1
"9479",6936,73,26.1
"9480",6150,73,26.7
"9481",1142,73,26.8
"9482",801,73,27
"9483",4471,73,27.1
"9484",590,73,27.7
"9485",4904,73,27.9
"9486",775,73,28
"9487",5317,73,28
"9488",686,73,28.1
"9489",5305,73,28.5
"9490",156,73,28.6
"9491",10376,73,28.8
"9492",8388,73,28.9
"9493",6518,73,29
"9494",5536,73,29
"9495",938,73,29
"9496",4962,73,29.2
"9497",5944,73,29.4
"9498",5120,73,29.5
"9499",10506,73,29.6
"9500",10460,73,29.8
"9501",4504,74,0.2
"9502",5304,74,0.2
"9503",4234,74,0.4
"9504",7322,74,0.9
"9505",9452,74,0.9
"9506",5060,74,1.2
"9507",4452,74,1.3
"9508",9410,74,1.8
"9509",6427,74,2.4
"9510",5080,74,2.4
"9511",880,74,2.6
"9512",3040,74,2.6
"9513",2858,74,2.9
"9514",8558,74,3.2
"9515",4122,74,3.3
"9516",288,74,3.4
"9517",9307,74,3.4
"9518",4480,74,3.5
"9519",10540,74,3.7
"9520",1273,74,3.7
"9521",5438,74,4
"9522",8126,74,4
"9523",1322,74,4.2
"9524",6804,74,4.2
"9525",7154,74,4.7
"9526",5744,74,4.9
"9527",10180,74,5.2
"9528",4651,74,5.4
"9529",4782,74,5.5
"9530",10307,74,5.9
"9531",994,74,5.9
"9532",668,74,6.5
"9533",2536,74,7
"9534",5670,74,7
"9535",7846,74,7.2
"9536",7534,74,7.2
"9537",3919,74,7.5
"9538",8913,74,7.8
"9539",2582,74,7.8
"9540",6842,74,9.1
"9541",9964,74,9.2
"9542",9318,74,9.4
"9543",493,74,9.7
"9544",10393,74,9.8
"9545",7248,74,9.9
"9546",8884,74,10.2
"9547",10751,74,10.6
"9548",6595,74,10.8
"9549",5366,74,11.2
"9550",902,74,11.3
"9551",2041,74,11.5
"9552",1473,74,12.3
"9553",1980,74,12.5
"9554",9622,74,12.7
"9555",5136,74,13.1
"9556",9992,74,13.2
"9557",4349,74,13.3
"9558",2891,74,13.5
"9559",3032,74,13.6
"9560",4336,74,13.7
"9561",2572,74,13.8
"9562",206,74,13.9
"9563",7585,74,13.9
"9564",312,74,14.2
"9565",2877,74,14.3
"9566",5970,74,14.9
"9567",5561,74,15.1
"9568",5106,74,15.2
"9569",9527,74,15.3
"9570",9578,74,15.3
"9571",10411,74,15.5
"9572",4059,74,15.9
"9573",7568,74,16
"9574",1400,74,16.4
"9575",3639,74,17
"9576",7881,74,17
"9577",1267,74,17.2
"9578",3936,74,17.3
"9579",1841,74,17.5
"9580",3048,74,17.5
"9581",7404,74,17.8
"9582",7784,74,18.4
"9583",2630,74,18.5
"9584",9710,74,18.6
"9585",1894,74,18.6
"9586",3939,74,18.7
"9587",371,74,19.7
"9588",5765,74,20.1
"9589",1766,74,20.4
"9590",8080,74,20.5
"9591",2590,74,21.3
"9592",3900,74,21.4
"9593",6328,74,21.6
"9594",4356,74,22.3
"9595",8022,74,22.4
"9596",10495,74,22.7
"9597",5472,74,22.9
"9598",3470,74,23
"9599",979,74,23.2
"9600",2962,74,23.3
"9601",8630,74,23.3
"9602",7464,74,23.5
"9603",4652,74,24.3
"9604",1008,74,24.4
"9605",2070,74,24.5
"9606",6677,74,24.7
"9607",9671,74,24.9
"9608",528,74,25.1
"9609",5387,74,25.3
"9610",3380,74,25.4
"9611",6749,74,25.7
"9612",4996,74,26
"9613",3516,74,26.2
"9614",8,74,26.4
"9615",10038,74,26.5
"9616",3840,74,26.7
"9617",1596,74,26.8
"9618",10283,74,27
"9619",561,74,27.6
"9620",8886,74,28.1
"9621",3200,74,28.2
"9622",8902,74,28.3
"9623",5716,74,28.4
"9624",5028,74,29.3
"9625",6517,74,30
"9626",1423,75,0.5
"9627",10776,75,1
"9628",7286,75,1.1
"9629",2937,75,2.6
"9630",3067,75,2.8
"9631",1276,75,3.1
"9632",656,75,3.3
"9633",3568,75,3.7
"9634",10539,75,3.8
"9635",3540,75,4.9
"9636",7096,75,5.1
"9637",740,75,5.2
"9638",8628,75,5.4
"9639",9152,75,5.6
"9640",6155,75,5.8
"9641",6824,75,5.8
"9642",6210,75,6.1
"9643",2361,75,6.2
"9644",7652,75,7.1
"9645",8182,75,7.1
"9646",2262,75,7.4
"9647",2078,75,7.5
"9648",7690,75,7.5
"9649",7044,75,7.5
"9650",10588,75,8.3
"9651",1480,75,8.3
"9652",2342,75,8.3
"9653",4484,75,8.4
"9654",8841,75,8.5
"9655",5298,75,8.6
"9656",4560,75,8.7
"9657",8349,75,9.6
"9658",7210,75,10.7
"9659",9825,75,10.9
"9660",5934,75,11.9
"9661",7128,75,12
"9662",6859,75,12.2
"9663",8684,75,12.2
"9664",6757,75,12.8
"9665",8788,75,12.9
"9666",163,75,13
"9667",5725,75,13.2
"9668",2242,75,13.9
"9669",8133,75,14
"9670",336,75,14.2
"9671",6180,75,14.3
"9672",5612,75,14.5
"9673",9413,75,15.4
"9674",8722,75,15.5
"9675",4590,75,15.6
"9676",7187,75,15.7
"9677",678,75,16.1
"9678",3526,75,16.7
"9679",2866,75,17
"9680",4944,75,17.7
"9681",1292,75,17.8
"9682",2122,75,18.2
"9683",3652,75,18.3
"9684",1536,75,18.3
"9685",6988,75,18.6
"9686",4171,75,18.8
"9687",3774,75,18.8
"9688",180,75,18.9
"9689",6654,75,19
"9690",5545,75,19.7
"9691",48,75,20.4
"9692",6680,75,20.6
"9693",9707,75,21.1
"9694",5770,75,21.8
"9695",6016,75,22.6
"9696",4588,75,23.1
"9697",8898,75,23.9
"9698",6451,75,24.3
"9699",3078,75,24.6
"9700",7582,75,24.7
"9701",778,75,25
"9702",557,75,25.2
"9703",4190,75,25.4
"9704",7043,75,25.4
"9705",9362,75,26
"9706",9040,75,26
"9707",8926,75,26.1
"9708",2052,75,26.2
"9709",1637,75,26.4
"9710",3236,75,26.4
"9711",9859,75,26.5
"9712",2058,75,26.6
"9713",2386,75,26.9
"9714",9669,75,27
"9715",3580,75,27.1
"9716",4592,75,27.2
"9717",4257,75,27.3
"9718",9869,75,27.7
"9719",7540,75,28.1
"9720",10176,75,28.4
"9721",10772,75,29
"9722",2936,75,29
"9723",2160,75,29.3
"9724",534,75,29.4
"9725",1730,76,0.4
"9726",4064,76,0.4
"9727",1128,76,0.6
"9728",2372,76,1.1
"9729",5548,76,1.3
"9730",3780,76,1.9
"9731",9298,76,2.6
"9732",3532,76,3.1
"9733",9244,76,3.3
"9734",7815,76,4.2
"9735",1354,76,4.2
"9736",6300,76,4.7
"9737",677,76,5.1
"9738",7346,76,5.1
"9739",172,76,5.2
"9740",7418,76,5.4
"9741",8669,76,5.6
"9742",5810,76,6.5
"9743",2210,76,6.9
"9744",5625,76,7
"9745",1328,76,7.1
"9746",1348,76,7.1
"9747",2295,76,7.5
"9748",4806,76,7.7
"9749",7415,76,7.7
"9750",10466,76,7.8
"9751",8724,76,7.9
"9752",2486,76,8.2
"9753",10124,76,8.4
"9754",8796,76,8.6
"9755",8893,76,8.7
"9756",1760,76,8.7
"9757",9689,76,8.8
"9758",6663,76,10.2
"9759",7602,76,10.2
"9760",4014,76,10.5
"9761",706,76,10.7
"9762",7365,76,11
"9763",10503,76,11.5
"9764",7106,76,11.6
"9765",5782,76,12
"9766",10803,76,12.5
"9767",5751,76,12.8
"9768",9476,76,12.9
"9769",6775,76,13
"9770",3530,76,13.6
"9771",4732,76,13.8
"9772",9577,76,14.4
"9773",3374,76,14.8
"9774",933,76,14.8
"9775",9396,76,15.6
"9776",8676,76,15.6
"9777",1122,76,16
"9778",6945,76,16.1
"9779",1852,76,16.6
"9780",9944,76,16.7
"9781",9053,76,16.8
"9782",1508,76,16.9
"9783",4614,76,16.9
"9784",6340,76,17.1
"9785",2992,76,17.6
"9786",7258,76,17.8
"9787",7901,76,18.2
"9788",8121,76,19
"9789",5379,76,19.2
"9790",7651,76,19.3
"9791",2223,76,19.4
"9792",6583,76,20
"9793",9004,76,20.2
"9794",696,76,20.5
"9795",6436,76,20.6
"9796",2048,76,20.6
"9797",317,76,20.8
"9798",5626,76,21.6
"9799",8286,76,21.7
"9800",1082,76,21.9
"9801",10440,76,22
"9802",8290,76,22.3
"9803",1436,76,23.6
"9804",2555,76,23.8
"9805",10482,76,24.1
"9806",7744,76,24.2
"9807",10004,76,24.2
"9808",7382,76,24.5
"9809",9134,76,24.7
"9810",3437,76,24.8
"9811",7054,76,25
"9812",10112,76,25.3
"9813",1203,76,25.4
"9814",896,76,25.5
"9815",2501,76,25.7
"9816",4741,76,26.1
"9817",4906,76,26.1
"9818",5968,76,27
"9819",9804,76,27.4
"9820",4561,76,27.8
"9821",3420,76,28
"9822",588,76,28.2
"9823",8918,76,29
"9824",794,76,29
"9825",10688,76,29.1
"9826",4840,76,29.1
"9827",10336,76,29.2
"9828",5192,76,29.8
"9829",4202,77,0.2
"9830",2054,77,0.3
"9831",3414,77,0.6
"9832",1489,77,0.7
"9833",3727,77,0.7
"9834",8624,77,2
"9835",2612,77,2.3
"9836",885,77,2.3
"9837",9328,77,2.3
"9838",10748,77,2.6
"9839",6201,77,3
"9840",2268,77,3.3
"9841",2899,77,3.7
"9842",3701,77,3.8
"9843",6437,77,3.8
"9844",3843,77,4.2
"9845",10021,77,4.3
"9846",6112,77,4.5
"9847",3288,77,4.8
"9848",3872,77,4.9
"9849",5394,77,5
"9850",7115,77,5.1
"9851",5346,77,5.1
"9852",1616,77,5.1
"9853",662,77,5.4
"9854",6674,77,5.7
"9855",1110,77,5.8
"9856",8683,77,5.8
"9857",3893,77,6
"9858",7844,77,6
"9859",3249,77,6.3
"9860",8030,77,6.8
"9861",888,77,7
"9862",7748,77,7.1
"9863",2946,77,7.1
"9864",3270,77,7.8
"9865",793,77,7.9
"9866",10622,77,7.9
"9867",10704,77,7.9
"9868",10104,77,8.4
"9869",3284,77,8.9
"9870",6500,77,9.1
"9871",5322,77,9.2
"9872",8798,77,9.5
"9873",10096,77,9.6
"9874",8292,77,9.9
"9875",6165,77,10
"9876",5330,77,10.2
"9877",466,77,10.6
"9878",3231,77,10.6
"9879",34,77,10.9
"9880",6203,77,11
"9881",1620,77,11.4
"9882",5854,77,12
"9883",3408,77,12.6
"9884",2400,77,12.6
"9885",2219,77,13.2
"9886",4081,77,13.3
"9887",1859,77,13.4
"9888",9189,77,13.6
"9889",9610,77,13.6
"9890",10395,77,14.2
"9891",28,77,14.2
"9892",2385,77,14.5
"9893",4993,77,14.6
"9894",7100,77,15.2
"9895",2550,77,16.2
"9896",6400,77,16.4
"9897",3683,77,16.5
"9898",2816,77,16.6
"9899",595,77,17.3
"9900",9560,77,17.5
"9901",3260,77,17.6
"9902",3475,77,17.8
"9903",5070,77,17.9
"9904",5688,77,18.1
"9905",10179,77,18.7
"9906",10010,77,18.9
"9907",2030,77,19.5
"9908",1802,77,19.7
"9909",852,77,19.7
"9910",142,77,20
"9911",356,77,20
"9912",1724,77,20.1
"9913",1801,77,20.2
"9914",9032,77,20.3
"9915",4380,77,20.7
"9916",3452,77,21.2
"9917",3566,77,21.7
"9918",7527,77,21.8
"9919",3775,77,22.6
"9920",5453,77,22.7
"9921",3103,77,22.8
"9922",1326,77,23.1
"9923",1654,77,23.4
"9924",7370,77,23.6
"9925",8620,77,23.6
"9926",9384,77,23.9
"9927",894,77,24.2
"9928",235,77,24.4
"9929",3444,77,24.7
"9930",6816,77,24.9
"9931",9806,77,25.2
"9932",3892,77,25.5
"9933",4924,77,25.5
"9934",2908,77,25.7
"9935",8923,77,26.3
"9936",6895,77,26.7
"9937",5188,77,26.7
"9938",3496,77,26.9
"9939",8605,77,27
"9940",4672,77,27.7
"9941",6806,77,28.3
"9942",2200,77,28.4
"9943",5606,77,28.5
"9944",2969,77,29.2
"9945",6488,77,29.5
"9946",10670,77,29.8
"9947",3385,77,29.8
"9948",1898,77,29.9
"9949",5403,78,0.1
"9950",9978,78,0.2
"9951",9534,78,0.2
"9952",7048,78,0.4
"9953",3482,78,0.5
"9954",2237,78,0.9
"9955",6412,78,1
"9956",7028,78,1.4
"9957",6649,78,1.5
"9958",8057,78,1.6
"9959",10161,78,1.7
"9960",4446,78,1.7
"9961",10035,78,2.1
"9962",10132,78,2.5
"9963",4770,78,2.5
"9964",6005,78,4.1
"9965",9427,78,4.7
"9966",9086,78,4.9
"9967",8356,78,5
"9968",7140,78,5.3
"9969",8372,78,5.4
"9970",514,78,5.5
"9971",2970,78,5.9
"9972",7391,78,6.4
"9973",3671,78,6.7
"9974",4175,78,6.8
"9975",5602,78,7.1
"9976",6240,78,7.2
"9977",9652,78,7.3
"9978",9614,78,7.4
"9979",10794,78,7.7
"9980",9677,78,7.8
"9981",5210,78,7.9
"9982",1794,78,7.9
"9983",79,78,8.6
"9984",4274,78,9.3
"9985",5118,78,9.3
"9986",2832,78,9.5
"9987",8854,78,9.6
"9988",10716,78,9.7
"9989",6939,78,10.1
"9990",2594,78,10.1
"9991",8703,78,10.8
"9992",3978,78,11.1
"9993",664,78,11.1
"9994",2552,78,11.6
"9995",1951,78,12.4
"9996",5504,78,12.6
"9997",9432,78,12.7
"9998",7607,78,12.9
"9999",5424,78,12.9
"10000",4004,78,13
"10001",5539,78,13.2
"10002",6921,78,13.2
"10003",4891,78,13.5
"10004",5864,78,13.5
"10005",8095,78,14.4
"10006",1997,78,14.5
"10007",6608,78,14.7
"10008",4275,78,15
"10009",137,78,15.2
"10010",10450,78,15.2
"10011",9110,78,15.3
"10012",7776,78,15.4
"10013",5589,78,15.5
"10014",9907,78,16.2
"10015",5146,78,16.4
"10016",3306,78,16.6
"10017",3007,78,16.8
"10018",1896,78,16.8
"10019",3858,78,17
"10020",3612,78,17
"10021",130,78,17
"10022",8890,78,17
"10023",4870,78,17.6
"10024",10276,78,17.9
"10025",7046,78,18.4
"10026",368,78,18.6
"10027",5052,78,19
"10028",382,78,19.1
"10029",3198,78,19.4
"10030",535,78,19.7
"10031",10691,78,19.8
"10032",6878,78,20.8
"10033",9220,78,20.8
"10034",6904,78,20.9
"10035",10407,78,20.9
"10036",8206,78,21.2
"10037",227,78,21.5
"10038",478,78,21.7
"10039",2504,78,21.9
"10040",7974,78,22.1
"10041",4434,78,22.2
"10042",8229,78,22.4
"10043",238,78,22.4
"10044",6386,78,22.5
"10045",4292,78,22.8
"10046",332,78,23
"10047",3569,78,23.4
"10048",8966,78,23.4
"10049",3543,78,23.5
"10050",8554,78,23.7
"10051",5375,78,24.3
"10052",5074,78,24.8
"10053",7894,78,25
"10054",8309,78,25.1
"10055",4372,78,25.5
"10056",7680,78,25.5
"10057",6508,78,25.8
"10058",10314,78,26
"10059",10089,78,26.6
"10060",8748,78,26.8
"10061",7168,78,27
"10062",3378,78,27.1
"10063",4991,78,27.5
"10064",2506,78,27.6
"10065",3020,78,27.6
"10066",4673,78,28
"10067",2349,78,28.3
"10068",6288,78,28.6
"10069",1498,78,29.1
"10070",2754,78,29.3
"10071",9336,78,29.4
"10072",4358,78,29.7
"10073",9904,78,29.8
"10074",882,79,0.4
"10075",4518,79,0.8
"10076",4526,79,0.9
"10077",1905,79,1.4
"10078",980,79,2.1
"10079",9685,79,2.3
"10080",2642,79,2.3
"10081",5406,79,2.4
"10082",5084,79,2.7
"10083",6578,79,2.7
"10084",6944,79,3
"10085",4880,79,3
"10086",3902,79,3.2
"10087",10666,79,3.3
"10088",1030,79,3.5
"10089",8489,79,4.7
"10090",6382,79,5.3
"10091",10841,79,5.9
"10092",8562,79,5.9
"10093",5160,79,6
"10094",748,79,6.3
"10095",10287,79,6.5
"10096",7390,79,6.6
"10097",5863,79,7.1
"10098",8468,79,7.2
"10099",5019,79,7.3
"10100",5940,79,7.4
"10101",6983,79,7.6
"10102",111,79,7.7
"10103",3667,79,7.8
"10104",1496,79,8.3
"10105",3128,79,8.6
"10106",9428,79,8.6
"10107",9914,79,8.7
"10108",6898,79,9.2
"10109",4974,79,9.4
"10110",6088,79,9.4
"10111",7926,79,9.5
"10112",7398,79,9.5
"10113",9285,79,9.9
"10114",7496,79,10.3
"10115",5042,79,10.6
"10116",8958,79,10.9
"10117",454,79,11.3
"10118",2362,79,11.8
"10119",7948,79,11.9
"10120",5413,79,12
"10121",7968,79,12.1
"10122",9048,79,12.3
"10123",6602,79,12.4
"10124",6072,79,12.5
"10125",8052,79,12.6
"10126",15,79,12.7
"10127",5898,79,12.9
"10128",1820,79,13.1
"10129",3912,79,14
"10130",7976,79,14
"10131",3388,79,14.7
"10132",9845,79,14.7
"10133",2742,79,14.8
"10134",1598,79,15.5
"10135",2667,79,15.7
"10136",10052,79,16.1
"10137",1470,79,16.4
"10138",4140,79,16.5
"10139",4476,79,16.6
"10140",6188,79,17.2
"10141",6342,79,17.5
"10142",2549,79,17.5
"10143",1846,79,17.5
"10144",2166,79,17.7
"10145",4629,79,18.2
"10146",3792,79,18.4
"10147",4902,79,18.6
"10148",9830,79,18.9
"10149",7644,79,18.9
"10150",9392,79,19.3
"10151",10126,79,19.3
"10152",10413,79,19.7
"10153",6218,79,19.7
"10154",7850,79,19.8
"10155",5704,79,19.9
"10156",3031,79,20.1
"10157",1910,79,20.2
"10158",1440,79,20.3
"10159",2292,79,20.3
"10160",4407,79,20.6
"10161",5124,79,20.7
"10162",1792,79,20.8
"10163",4551,79,21
"10164",4546,79,21
"10165",7778,79,21.1
"10166",6568,79,21.2
"10167",2809,79,21.6
"10168",9112,79,22
"10169",5409,79,22.5
"10170",1051,79,23.5
"10171",2064,79,23.5
"10172",10227,79,23.8
"10173",1316,79,24.4
"10174",2272,79,24.9
"10175",4532,79,24.9
"10176",2318,79,25.2
"10177",1259,79,25.4
"10178",4731,79,25.5
"10179",2279,79,25.7
"10180",8718,79,25.9
"10181",2859,79,26.3
"10182",3541,79,26.5
"10183",3390,79,26.7
"10184",76,79,26.9
"10185",7718,79,27
"10186",9466,79,27.7
"10187",6670,79,27.8
"10188",9902,79,27.9
"10189",9756,79,27.9
"10190",9274,79,27.9
"10191",1070,79,28
"10192",5767,79,28.1
"10193",8332,79,28.6
"10194",2637,79,28.8
"10195",2694,79,29.2
"10196",7230,79,29.2
"10197",10583,79,29.6
"10198",10522,80,0.6
"10199",6038,80,1.2
"10200",9646,80,1.4
"10201",1887,80,1.5
"10202",4529,80,1.7
"10203",3805,80,1.7
"10204",4220,80,1.8
"10205",8743,80,2.4
"10206",5249,80,2.6
"10207",3116,80,2.8
"10208",8710,80,3.1
"10209",9312,80,3.3
"10210",5916,80,4
"10211",3528,80,4.1
"10212",3404,80,4.2
"10213",509,80,4.4
"10214",9429,80,4.6
"10215",7450,80,4.9
"10216",8677,80,4.9
"10217",10270,80,5.2
"10218",1187,80,5.4
"10219",3769,80,5.4
"10220",2193,80,5.6
"10221",7792,80,5.8
"10222",8427,80,6.3
"10223",648,80,6.9
"10224",1969,80,6.9
"10225",3608,80,7.1
"10226",9142,80,7.4
"10227",10676,80,7.4
"10228",1642,80,7.6
"10229",5758,80,7.6
"10230",2254,80,7.8
"10231",6238,80,8
"10232",2429,80,8
"10233",3929,80,8.3
"10234",6390,80,8.8
"10235",9022,80,9.1
"10236",7656,80,9.1
"10237",2584,80,9.5
"10238",9403,80,9.6
"10239",9769,80,9.8
"10240",9422,80,10.1
"10241",7204,80,10.1
"10242",1144,80,10.2
"10243",1542,80,10.5
"10244",10410,80,10.5
"10245",2873,80,10.5
"10246",6614,80,10.9
"10247",2944,80,11
"10248",6166,80,11.2
"10249",10384,80,11.4
"10250",6655,80,11.7
"10251",8218,80,11.7
"10252",7522,80,11.9
"10253",2496,80,12.1
"10254",7178,80,12.5
"10255",9659,80,12.7
"10256",2003,80,13.5
"10257",8712,80,13.5
"10258",4736,80,13.5
"10259",9272,80,13.6
"10260",1571,80,13.7
"10261",4742,80,13.8
"10262",5032,80,13.9
"10263",602,80,14
"10264",8652,80,14.2
"10265",6454,80,14.3
"10266",6735,80,14.3
"10267",1583,80,14.9
"10268",5213,80,15.1
"10269",1215,80,15.3
"10270",8802,80,15.5
"10271",10380,80,15.5
"10272",7169,80,16.1
"10273",10536,80,16.1
"10274",5500,80,16.2
"10275",2034,80,16.6
"10276",1224,80,16.7
"10277",5082,80,16.9
"10278",9705,80,16.9
"10279",3791,80,17.2
"10280",761,80,17.4
"10281",9764,80,18.2
"10282",8353,80,18.4
"10283",9853,80,18.6
"10284",3304,80,19.4
"10285",2211,80,19.5
"10286",10844,80,19.6
"10287",1438,80,19.7
"10288",9050,80,20.3
"10289",6310,80,20.6
"10290",8090,80,20.6
"10291",5430,80,20.9
"10292",7179,80,21.1
"10293",10606,80,21.2
"10294",739,80,22.6
"10295",10596,80,22.7
"10296",1646,80,23
"10297",8962,80,23.2
"10298",10374,80,23.4
"10299",8602,80,24.1
"10300",7742,80,24.3
"10301",4792,80,25
"10302",3932,80,25.8
"10303",8896,80,25.8
"10304",3563,80,26.4
"10305",497,80,26.4
"10306",924,80,26.4
"10307",344,80,26.6
"10308",10046,80,27.2
"10309",4790,80,27.3
"10310",4194,80,27.3
"10311",10535,80,27.3
"10312",1149,80,27.9
"10313",5244,80,28.3
"10314",8944,80,28.7
"10315",3349,80,28.9
"10316",488,80,29.1
"10317",6028,80,29.1
"10318",7877,80,29.3
"10319",6262,81,0.3
"10320",8232,81,0.6
"10321",4141,81,1
"10322",9966,81,1.1
"10323",1373,81,1.2
"10324",10050,81,1.3
"10325",6326,81,1.5
"10326",3935,81,2.3
"10327",10188,81,2.4
"10328",9288,81,2.6
"10329",3253,81,3.1
"10330",6172,81,3.2
"10331",7018,81,3.7
"10332",776,81,3.9
"10333",10434,81,3.9
"10334",7292,81,4.2
"10335",10812,81,4.3
"10336",4011,81,4.5
"10337",3625,81,5
"10338",790,81,5.3
"10339",322,81,5.3
"10340",8208,81,5.5
"10341",3681,81,6.4
"10342",8342,81,6.5
"10343",4803,81,6.6
"10344",8298,81,6.6
"10345",926,81,6.7
"10346",6424,81,7
"10347",1674,81,7.1
"10348",376,81,7.3
"10349",198,81,8.4
"10350",518,81,8.7
"10351",4917,81,8.9
"10352",4681,81,9.1
"10353",467,81,9.2
"10354",2230,81,9.2
"10355",3751,81,9.5
"10356",974,81,9.9
"10357",7539,81,10.1
"10358",4076,81,10.7
"10359",7000,81,10.8
"10360",4170,81,11
"10361",5336,81,11.1
"10362",2793,81,11.4
"10363",328,81,11.7
"10364",4432,81,11.9
"10365",6007,81,12.1
"10366",5048,81,12.2
"10367",9570,81,12.4
"10368",8336,81,12.5
"10369",6271,81,13.3
"10370",4042,81,13.4
"10371",7825,81,13.5
"10372",2320,81,13.6
"10373",306,81,13.6
"10374",2884,81,13.7
"10375",7969,81,13.7
"10376",1164,81,14.3
"10377",7423,81,14.3
"10378",2981,81,14.4
"10379",5096,81,14.7
"10380",5204,81,14.8
"10381",7027,81,15
"10382",10387,81,15.4
"10383",2488,81,15.7
"10384",8941,81,15.8
"10385",3142,81,15.9
"10386",401,81,16.7
"10387",2979,81,17.3
"10388",1398,81,17.6
"10389",5565,81,18.4
"10390",6510,81,18.8
"10391",9,81,19.1
"10392",8546,81,19.5
"10393",1658,81,19.6
"10394",6459,81,19.7
"10395",9854,81,19.8
"10396",2485,81,20.1
"10397",1056,81,20.3
"10398",9833,81,20.3
"10399",4459,81,20.8
"10400",141,81,21.1
"10401",10136,81,21.1
"10402",5315,81,21.1
"10403",5117,81,21.2
"10404",10152,81,21.2
"10405",3694,81,21.4
"10406",6838,81,21.8
"10407",1379,81,22
"10408",4914,81,22
"10409",310,81,22.1
"10410",908,81,22.3
"10411",912,81,22.5
"10412",447,81,22.8
"10413",2628,81,23.3
"10414",8438,81,24.1
"10415",8184,81,24.2
"10416",868,81,24.2
"10417",8138,81,24.4
"10418",9265,81,24.5
"10419",1040,81,24.9
"10420",1469,81,25
"10421",3028,81,25.1
"10422",5654,81,25.2
"10423",6929,81,25.9
"10424",4368,81,26
"10425",3910,81,26.2
"10426",1700,81,26.3
"10427",1942,81,26.6
"10428",5014,81,26.7
"10429",7146,81,26.9
"10430",135,81,27.1
"10431",4008,81,27.5
"10432",840,81,27.7
"10433",3808,81,27.7
"10434",3074,81,27.9
"10435",769,81,28.3
"10436",3512,81,29.1
"10437",3214,81,29.2
"10438",8986,81,29.3
"10439",8970,81,29.6
"10440",1311,81,29.7
"10441",7189,82,0.5
"10442",4890,82,0.6
"10443",10685,82,1.7
"10444",9047,82,1.8
"10445",9906,82,1.9
"10446",458,82,2.1
"10447",7772,82,2.2
"10448",6308,82,2.2
"10449",3940,82,2.7
"10450",4348,82,2.8
"10451",9157,82,3.2
"10452",8623,82,3.4
"10453",4038,82,3.6
"10454",2722,82,3.7
"10455",2492,82,3.7
"10456",5912,82,3.7
"10457",5702,82,4
"10458",3446,82,4
"10459",3844,82,4.8
"10460",8474,82,5.2
"10461",1888,82,5.3
"10462",1150,82,5.5
"10463",292,82,5.7
"10464",2001,82,5.9
"10465",10584,82,6.2
"10466",3178,82,6.8
"10467",9739,82,7.3
"10468",7595,82,7.3
"10469",4397,82,7.4
"10470",8940,82,7.4
"10471",9755,82,7.5
"10472",10220,82,7.5
"10473",3347,82,7.6
"10474",7050,82,7.8
"10475",4665,82,8.2
"10476",99,82,8.5
"10477",10636,82,8.5
"10478",5852,82,8.6
"10479",875,82,8.7
"10480",8127,82,8.8
"10481",5675,82,8.8
"10482",3836,82,9.1
"10483",3276,82,9.4
"10484",3776,82,9.8
"10485",4466,82,9.9
"10486",5450,82,10.3
"10487",10474,82,11.1
"10488",8165,82,11.2
"10489",5359,82,11.2
"10490",8704,82,11.4
"10491",1840,82,11.6
"10492",4486,82,11.7
"10493",8952,82,12.4
"10494",398,82,12.7
"10495",3933,82,13.4
"10496",1240,82,13.4
"10497",10042,82,14
"10498",8638,82,14.1
"10499",42,82,15.9
"10500",6770,82,16
"10501",1370,82,16
"10502",1706,82,16.3
"10503",10340,82,17.1
"10504",2654,82,17.2
"10505",10652,82,17.5
"10506",1124,82,17.6
"10507",10108,82,17.7
"10508",6534,82,17.8
"10509",4855,82,18.5
"10510",4443,82,18.9
"10511",10728,82,19.1
"10512",546,82,19.3
"10513",5236,82,19.8
"10514",6625,82,19.8
"10515",3790,82,20.3
"10516",1835,82,20.6
"10517",6123,82,20.7
"10518",2404,82,21.2
"10519",6796,82,21.6
"10520",298,82,21.8
"10521",5860,82,22.5
"10522",3275,82,22.5
"10523",7878,82,23.1
"10524",58,82,24.4
"10525",1356,82,24.4
"10526",2854,82,24.4
"10527",6266,82,24.7
"10528",3460,82,24.9
"10529",1078,82,25.7
"10530",8237,82,25.8
"10531",8674,82,26.3
"10532",9686,82,26.9
"10533",7074,82,27
"10534",4426,82,27
"10535",10854,82,27.3
"10536",837,82,27.7
"10537",1408,82,27.7
"10538",3410,82,28.2
"10539",8031,82,28.3
"10540",5772,82,28.7
"10541",10024,82,29.4
"10542",2746,82,29.8
"10543",4328,83,0.7
"10544",7066,83,1.3
"10545",6243,83,1.4
"10546",9636,83,2
"10547",4700,83,2.2
"10548",492,83,2.8
"10549",1430,83,3
"10550",8339,83,3.2
"10551",4796,83,3.2
"10552",2280,83,3.5
"10553",6406,83,3.6
"10554",7132,83,3.6
"10555",10062,83,4
"10556",1922,83,4.1
"10557",3743,83,4.4
"10558",8608,83,4.6
"10559",10796,83,4.7
"10560",5345,83,5
"10561",5008,83,5.4
"10562",854,83,5.4
"10563",5433,83,5.4
"10564",9164,83,5.6
"10565",6036,83,5.6
"10566",10627,83,5.9
"10567",2004,83,6.1
"10568",4960,83,6.1
"10569",3188,83,6.2
"10570",6182,83,6.3
"10571",2505,83,6.5
"10572",10438,83,6.7
"10573",5959,83,7.1
"10574",5468,83,7.8
"10575",7975,83,7.8
"10576",263,83,8.3
"10577",5058,83,8.6
"10578",6448,83,9.1
"10579",5441,83,9.4
"10580",5030,83,9.4
"10581",3988,83,9.4
"10582",4366,83,10.4
"10583",8806,83,11.1
"10584",6012,83,11.3
"10585",6776,83,12
"10586",3029,83,12
"10587",6874,83,12.4
"10588",360,83,13
"10589",7768,83,13.5
"10590",1984,83,13.7
"10591",6402,83,13.9
"10592",7400,83,14
"10593",2968,83,14.3
"10594",4942,83,14.6
"10595",9916,83,14.7
"10596",1749,83,15
"10597",9584,83,15.2
"10598",2610,83,15.6
"10599",7712,83,15.9
"10600",7156,83,16.1
"10601",8038,83,16.4
"10602",9310,83,16.6
"10603",261,83,16.6
"10604",8046,83,16.7
"10605",5899,83,16.7
"10606",4350,83,16.8
"10607",8622,83,17
"10608",6356,83,17.4
"10609",7012,83,17.7
"10610",942,83,17.8
"10611",834,83,18.1
"10612",10734,83,18.1
"10613",6198,83,19
"10614",2451,83,19.1
"10615",1312,83,19.2
"10616",9704,83,19.3
"10617",2321,83,19.3
"10618",8014,83,19.6
"10619",260,83,19.7
"10620",10437,83,19.7
"10621",4264,83,21
"10622",1355,83,21.1
"10623",115,83,21.4
"10624",7555,83,21.5
"10625",5410,83,21.7
"10626",4804,83,21.9
"10627",5420,83,22.6
"10628",1152,83,23.3
"10629",4554,83,23.6
"10630",6064,83,23.9
"10631",4294,83,24
"10632",3081,83,24.3
"10633",284,83,24.9
"10634",1002,83,25
"10635",2414,83,25.7
"10636",2399,83,25.8
"10637",1786,83,26
"10638",3987,83,26.2
"10639",4626,83,26.4
"10640",7857,83,26.4
"10641",754,83,26.4
"10642",6640,83,26.8
"10643",6020,83,26.9
"10644",5630,83,27.1
"10645",177,83,27.2
"10646",857,83,27.2
"10647",1633,83,28.1
"10648",7067,83,28.4
"10649",952,83,28.8
"10650",7250,83,29
"10651",277,83,29.4
"10652",9416,83,29.4
"10653",1737,83,29.5
"10654",891,84,0.2
"10655",6992,84,0.5
"10656",9352,84,1.4
"10657",825,84,1.8
"10658",476,84,1.9
"10659",8186,84,2
"10660",1084,84,2.1
"10661",120,84,2.2
"10662",1211,84,2.3
"10663",7478,84,2.4
"10664",1704,84,2.5
"10665",9828,84,2.7
"10666",4230,84,3.2
"10667",2874,84,3.3
"10668",3948,84,3.4
"10669",8225,84,3.7
"10670",10232,84,3.9
"10671",5224,84,4.2
"10672",1034,84,4.5
"10673",7242,84,4.9
"10674",8408,84,5.2
"10675",1673,84,5.6
"10676",5133,84,5.7
"10677",1660,84,5.8
"10678",867,84,5.9
"10679",6371,84,6.1
"10680",6579,84,6.3
"10681",435,84,6.4
"10682",4506,84,6.7
"10683",1226,84,7.1
"10684",7387,84,7.2
"10685",4086,84,8.2
"10686",5540,84,8.3
"10687",8322,84,8.4
"10688",7114,84,9
"10689",4,84,9.7
"10690",3710,84,9.7
"10691",3732,84,10
"10692",7316,84,10.3
"10693",2482,84,10.5
"10694",2024,84,10.6
"10695",8864,84,11.2
"10696",9273,84,11.2
"10697",10375,84,11.4
"10698",10028,84,11.5
"10699",7381,84,12
"10700",8381,84,12.2
"10701",1748,84,12.4
"10702",9088,84,12.4
"10703",1858,84,12.6
"10704",8004,84,12.6
"10705",3962,84,12.8
"10706",7155,84,13
"10707",4288,84,13.1
"10708",8871,84,13.3
"10709",10433,84,13.4
"10710",8816,84,13.5
"10711",2499,84,13.7
"10712",7636,84,13.7
"10713",8822,84,14.1
"10714",9568,84,14.3
"10715",2928,84,14.9
"10716",8775,84,15
"10717",3822,84,15.4
"10718",10088,84,15.5
"10719",10412,84,16
"10720",9732,84,16.3
"10721",6564,84,16.3
"10722",9000,84,16.9
"10723",7099,84,17
"10724",5186,84,17.4
"10725",4618,84,17.9
"10726",1248,84,18
"10727",1304,84,18.2
"10728",3600,84,18.3
"10729",7052,84,18.7
"10730",2704,84,18.8
"10731",7996,84,19
"10732",8072,84,19.1
"10733",3286,84,19.4
"10734",10638,84,19.5
"10735",1089,84,19.7
"10736",1882,84,19.8
"10737",3588,84,19.8
"10738",8107,84,20.4
"10739",218,84,20.4
"10740",5009,84,20.4
"10741",5158,84,20.6
"10742",1428,84,20.6
"10743",6176,84,20.7
"10744",2440,84,21.1
"10745",2175,84,21.4
"10746",3086,84,21.5
"10747",724,84,21.6
"10748",9120,84,21.6
"10749",5650,84,21.7
"10750",10762,84,21.7
"10751",3520,84,22.6
"10752",4151,84,22.6
"10753",70,84,23
"10754",1170,84,23.3
"10755",10620,84,23.5
"10756",7883,84,23.7
"10757",8591,84,23.8
"10758",307,84,23.9
"10759",1803,84,24.9
"10760",9617,84,25.4
"10761",10170,84,25.6
"10762",4005,84,25.9
"10763",6347,84,26.2
"10764",3075,84,26.7
"10765",9895,84,26.8
"10766",8920,84,27.1
"10767",3583,84,27.1
"10768",5660,84,27.2
"10769",3570,84,27.6
"10770",3557,84,28.4
"10771",4371,84,28.7
"10772",1805,84,29
"10773",5853,84,29.4
"10774",4228,85,0.6
"10775",7352,85,0.6
"10776",9538,85,1.1
"10777",5103,85,1.5
"10778",2201,85,1.8
"10779",1331,85,2.8
"10780",334,85,3.3
"10781",1190,85,3.4
"10782",10209,85,3.9
"10783",7604,85,4.1
"10784",2107,85,4.2
"10785",3310,85,4.6
"10786",3554,85,4.7
"10787",5905,85,5.1
"10788",9159,85,6.1
"10789",6186,85,6.3
"10790",7578,85,6.8
"10791",9363,85,7.4
"10792",2456,85,8.2
"10793",508,85,8.3
"10794",8063,85,8.6
"10795",10034,85,10
"10796",8300,85,10.2
"10797",3628,85,10.4
"10798",8762,85,10.7
"10799",9736,85,10.7
"10800",10842,85,10.7
"10801",7384,85,10.8
"10802",8233,85,10.8
"10803",89,85,11
"10804",1848,85,11.2
"10805",3397,85,11.2
"10806",7664,85,11.4
"10807",7394,85,11.5
"10808",8613,85,12.2
"10809",6426,85,12.2
"10810",10570,85,12.2
"10811",3469,85,12.6
"10812",3531,85,12.7
"10813",4728,85,12.7
"10814",10334,85,12.8
"10815",1191,85,13
"10816",7736,85,13.3
"10817",4754,85,13.8
"10818",9246,85,13.8
"10819",589,85,14
"10820",10660,85,14.5
"10821",7608,85,14.8
"10822",8744,85,15
"10823",9788,85,15
"10824",2796,85,15.5
"10825",5128,85,15.6
"10826",6492,85,16
"10827",9146,85,16.4
"10828",1434,85,17.2
"10829",6834,85,17.7
"10830",4734,85,17.9
"10831",3564,85,18.5
"10832",4930,85,18.6
"10833",1116,85,19
"10834",1363,85,19.2
"10835",7662,85,19.2
"10836",8407,85,19.3
"10837",2033,85,19.5
"10838",2206,85,19.7
"10839",4324,85,20.1
"10840",10800,85,20.2
"10841",9548,85,20.6
"10842",657,85,20.6
"10843",10526,85,20.8
"10844",7460,85,21.1
"10845",8897,85,21.4
"10846",7327,85,21.7
"10847",7669,85,21.7
"10848",1809,85,21.8
"10849",5092,85,21.9
"10850",2257,85,22.8
"10851",3660,85,23.1
"10852",10613,85,23.4
"10853",5831,85,23.6
"10854",530,85,24.2
"10855",1222,85,24.5
"10856",192,85,24.7
"10857",937,85,25.1
"10858",10710,85,25.6
"10859",5760,85,25.6
"10860",9075,85,25.9
"10861",8398,85,26.2
"10862",1506,85,26.3
"10863",3223,85,26.5
"10864",6592,85,28.3
"10865",1736,85,29.4
"10866",2124,85,29.7
"10867",10154,85,29.8
